{"no-smoothing": 0.00014722699981214112, "add-epsilon": 0.00014722699981214112, "add-1": 0.0001646087021469209, "NIST-geom": 0.00014722699981214112, "ChenCherry": 0.00014722699981214112, "avg": 0.19641403487186168}