{"no-smoothing": 0.14883889186314647, "add-epsilon": 0.14883889186314647, "add-1": 0.14884614619429523, "NIST-geom": 0.14883889186314647, "ChenCherry": 0.14883889186314647, "avg": 0.3457777956658069}