{"no-smoothing": 0.18706436167827184, "add-epsilon": 0.18706436167827184, "add-1": 0.18707951049920613, "NIST-geom": 0.18706436167827184, "ChenCherry": 0.18706436167827184, "avg": 0.4499911028335028}