{"no-smoothing": 2.0979314396005524e-05, "add-epsilon": 2.0979314396005524e-05, "add-1": 2.360166680215771e-05, "NIST-geom": 2.0979314396005524e-05, "ChenCherry": 2.0979314396005524e-05, "avg": 0.03724692170085731}