{"no-smoothing": 0.01803065294982154, "add-epsilon": 0.01803065294982154, "add-1": 0.018038899526352917, "NIST-geom": 0.01803065294982154, "ChenCherry": 0.01803065294982154, "avg": 0.07838071143533613}