{"no-smoothing": 0.008138814995423386, "add-epsilon": 0.008138814995423386, "add-1": 0.008148658923113799, "NIST-geom": 0.008138814995423386, "ChenCherry": 0.008138814995423386, "avg": 0.09313539602009069}