{"no-smoothing": 2.2250738585072626e-308, "add-epsilon": 5.882352941176478e-08, "add-1": 5.882349480970897e-07, "NIST-geom": 1.4705882352941183e-07, "ChenCherry": 0.29898746541508187, "avg": 0.01260000519818063}