{"no-smoothing": 0.001265509367520427, "add-epsilon": 0.001265509367520427, "add-1": 0.0012746680360941974, "NIST-geom": 0.001265509367520427, "ChenCherry": 0.001265509367520427, "avg": 0.02654874026761886}