{"no-smoothing": 1.8099473709156557e-156, "add-epsilon": 2.9011045116506158e-06, "add-1": 9.700540083873644e-06, "NIST-geom": 5.454951299940094e-06, "ChenCherry": 0.00725084758095892, "avg": 0.0654714462468865}