{"no-smoothing": 0.02666413003375303, "add-epsilon": 0.02666413003375303, "add-1": 0.02671594748645591, "NIST-geom": 0.02666413003375303, "ChenCherry": 0.02666413003375303, "avg": 0.12559195783025073}