{"no-smoothing": 0.03556492793930046, "add-epsilon": 0.03556492793930046, "add-1": 0.03562453629715306, "NIST-geom": 0.03556492793930046, "ChenCherry": 0.03556492793930046, "avg": 0.15519470463464607}