{"no-smoothing": 0.010904489013264353, "add-epsilon": 0.010904489013264353, "add-1": 0.0114169045494711, "NIST-geom": 0.010904489013264353, "ChenCherry": 0.010904489013264353, "avg": 0.15557395473541533}