{"no-smoothing": 0.0025929270448927164, "add-epsilon": 0.0025929270448927164, "add-1": 0.002595291028114468, "NIST-geom": 0.0025929270448927164, "ChenCherry": 0.0025929270448927164, "avg": 0.3350810580349793}