{"no-smoothing": 0.010296000000000001, "add-epsilon": 0.010296000000000001, "add-1": 0.010296494851752575, "NIST-geom": 0.010296000000000001, "ChenCherry": 0.010296000000000001, "avg": 0.34019803508771934}