{"no-smoothing": 0.4631055885398477, "add-epsilon": 0.4631055885398477, "add-1": 0.46310887813246737, "NIST-geom": 0.4631055885398477, "ChenCherry": 0.4631055885398477, "avg": 0.6779121892083437}