{"no-smoothing": 0.00014609296225380402, "add-epsilon": 0.00014609296225380402, "add-1": 0.00015416026684392472, "NIST-geom": 0.00014609296225380402, "ChenCherry": 0.00014609296225380402, "avg": 0.11171807730762572}