{"no-smoothing": 0.06579321312252516, "add-epsilon": 0.06579321312252516, "add-1": 0.06582328157083206, "NIST-geom": 0.06579321312252516, "ChenCherry": 0.06579321312252516, "avg": 0.26617925583136015}