{"no-smoothing": 1.6229609828814928e-80, "add-epsilon": 3.044359342542931e-05, "add-1": 5.636415270983432e-05, "NIST-geom": 4.552379032471003e-05, "ChenCherry": 0.0009791458070942023, "avg": 0.0645037364586787}