{"no-smoothing": 0.5939961618377816, "add-epsilon": 0.5939961618377816, "add-1": 0.5939997250885918, "NIST-geom": 0.5939961618377816, "ChenCherry": 0.5939961618377816, "avg": 0.7466030863289808}