{"no-smoothing": 0.0003855212283420641, "add-epsilon": 0.0003855212283420641, "add-1": 0.00039399194471952673, "NIST-geom": 0.0003855212283420641, "ChenCherry": 0.0003855212283420641, "avg": 0.19348174080605957}