{"no-smoothing": 0.22314929816487156, "add-epsilon": 0.22314929816487156, "add-1": 0.2231576451797578, "NIST-geom": 0.22314929816487156, "ChenCherry": 0.22314929816487156, "avg": 0.4267950201839599}