{"no-smoothing": 7.842233790566461e-106, "add-epsilon": 1.06389999387357e-05, "add-1": 2.4691318317111227e-05, "NIST-geom": 1.8192433991932908e-05, "ChenCherry": 0.0020987822090326323, "avg": 0.11339981286501459}