{"no-smoothing": 0.07364582021247369, "add-epsilon": 0.07364582021247369, "add-1": 0.07365943947523781, "NIST-geom": 0.07364582021247369, "ChenCherry": 0.07364582021247369, "avg": 0.21083099963664967}