{"no-smoothing": 0.10094680462721012, "add-epsilon": 0.10094680462721012, "add-1": 0.10096417741616898, "NIST-geom": 0.10094680462721012, "ChenCherry": 0.10094680462721012, "avg": 0.26043112003405905}