{"no-smoothing": 5.732001515242141e-05, "add-epsilon": 5.732001515242141e-05, "add-1": 5.981204066221897e-05, "NIST-geom": 5.732001515242141e-05, "ChenCherry": 5.732001515242141e-05, "avg": 0.11171978578817589}