{"no-smoothing": 2.105263157894737e-06, "add-epsilon": 2.105263157894737e-06, "add-1": 2.6315775623275977e-06, "NIST-geom": 2.105263157894737e-06, "ChenCherry": 2.105263157894737e-06, "avg": 0.1134000467836257}