{"no-smoothing": 0.05891128202214849, "add-epsilon": 0.05891128202214849, "add-1": 0.05892047044870723, "NIST-geom": 0.05891128202214849, "ChenCherry": 0.05891128202214849, "avg": 0.2712177277821842}