{"no-smoothing": 2.2250738585072626e-308, "add-epsilon": 5.555555555555554e-08, "add-1": 5.555552469137515e-07, "NIST-geom": 2.7777777777777797e-07, "ChenCherry": 0.42650801613999334, "avg": 0.03780001559454191}