{"no-smoothing": 0.02065792414872215, "add-epsilon": 0.02065792414872215, "add-1": 0.020667045422794288, "NIST-geom": 0.02065792414872215, "ChenCherry": 0.02065792414872215, "avg": 0.0969705701735727}