{"no-smoothing": 2.2250738585072626e-308, "add-epsilon": 2.7548361147995317e-07, "add-1": 2.754828525698419e-06, "NIST-geom": 1.3774180573997647e-06, "ChenCherry": 0.294782425966598, "avg": 0.012415640566952433}