{"no-smoothing": 0.0015552850711953476, "add-epsilon": 0.0015552850711953476, "add-1": 0.001564930109448507, "NIST-geom": 0.0015552850711953476, "ChenCherry": 0.0015552850711953476, "avg": 0.032841951748256014}