{"no-smoothing": 4.9645282664461577e-05, "add-epsilon": 4.9645282664461577e-05, "add-1": 5.9573743459919184e-05, "NIST-geom": 4.9645282664461577e-05, "ChenCherry": 4.9645282664461577e-05, "avg": 0.03106168043425172}