{"no-smoothing": 0.2930945518416787, "add-epsilon": 0.2930945518416787, "add-1": 0.29309823625067755, "NIST-geom": 0.2930945518416787, "ChenCherry": 0.2930945518416787, "avg": 0.5539240916748839}