{"no-smoothing": 0.0755831713412941, "add-epsilon": 0.0755831713412941, "add-1": 0.07558958907533271, "NIST-geom": 0.0755831713412941, "ChenCherry": 0.0755831713412941, "avg": 0.21584597198866648}