{"no-smoothing": 0.10752539054533589, "add-epsilon": 0.10752539054533589, "add-1": 0.10753267094121678, "NIST-geom": 0.10752539054533589, "ChenCherry": 0.10752539054533589, "avg": 0.26869850130080064}